issue,published_date,seat,member,order,q_num,theme,published,title,answer_title,has_fulltext,bulletin_pdf,minutes,video
114,2023-06-01,3,髙橋 邦雄,1,1,子育て・教育,1,少子化対策について,効果的な対策に取組んでまいります,1,https://www.town.hokkaido-mori.lg.jp/material/files/group/17/2306gikaidayori.pdf,https://www.town.hokkaido-mori.lg.jp/soshiki/gikai/proceedings/index.html,https://www.town.hokkaido-mori.lg.jp/gyoseijoho/gikai/1039.html
114,2023-06-01,5,山田 誠,2,1,防災・安全,1,巨大地震対策について,避難対策を早急に進める,1,https://www.town.hokkaido-mori.lg.jp/material/files/group/17/2306gikaidayori.pdf,https://www.town.hokkaido-mori.lg.jp/soshiki/gikai/proceedings/index.html,https://www.town.hokkaido-mori.lg.jp/gyoseijoho/gikai/1039.html
114,2023-06-01,1,伊藤 昇,3,1,福祉・健康・医療,1,予防接種助成について,動向を踏まえながら検討,1,https://www.town.hokkaido-mori.lg.jp/material/files/group/17/2306gikaidayori.pdf,https://www.town.hokkaido-mori.lg.jp/soshiki/gikai/proceedings/index.html,https://www.town.hokkaido-mori.lg.jp/gyoseijoho/gikai/1039.html
114,2023-06-01,15,檀上 美緒子,4,1,行財政・行政運営,1,行政としての責任の取り方について,中間報告で責任の取り方を説明,1,https://www.town.hokkaido-mori.lg.jp/material/files/group/17/2306gikaidayori.pdf,https://www.town.hokkaido-mori.lg.jp/soshiki/gikai/proceedings/index.html,https://www.town.hokkaido-mori.lg.jp/gyoseijoho/gikai/1039.html
114,2023-06-01,15,檀上 美緒子,4,2,福祉・健康・医療,1,町営住宅の入居条件について,柔軟な対応と適正な管理に努めている,1,https://www.town.hokkaido-mori.lg.jp/material/files/group/17/2306gikaidayori.pdf,https://www.town.hokkaido-mori.lg.jp/soshiki/gikai/proceedings/index.html,https://www.town.hokkaido-mori.lg.jp/gyoseijoho/gikai/1039.html
114,2023-06-01,15,檀上 美緒子,4,3,交通・公共交通,1,巡回バスの本格運用にあたって,利用状況等の検証に基づき必要に応じて改善する,1,https://www.town.hokkaido-mori.lg.jp/material/files/group/17/2306gikaidayori.pdf,https://www.town.hokkaido-mori.lg.jp/soshiki/gikai/proceedings/index.html,https://www.town.hokkaido-mori.lg.jp/gyoseijoho/gikai/1039.html
114,2023-06-01,16,宮本 秀逸,5,1,行財政・行政運営,1,町政執行方針について,更なる施策の具体化に努力してまいります,1,https://www.town.hokkaido-mori.lg.jp/material/files/group/17/2306gikaidayori.pdf,https://www.town.hokkaido-mori.lg.jp/soshiki/gikai/proceedings/index.html,https://www.town.hokkaido-mori.lg.jp/gyoseijoho/gikai/1039.html
114,2023-06-01,2,河野 文彦,6,1,農林水産業,1,森港の機能強化について,このまま放置しておけない,1,https://www.town.hokkaido-mori.lg.jp/material/files/group/17/2306gikaidayori.pdf,https://www.town.hokkaido-mori.lg.jp/soshiki/gikai/proceedings/index.html,https://www.town.hokkaido-mori.lg.jp/gyoseijoho/gikai/1039.html
114,2023-06-01,2,河野 文彦,6,2,交通・公共交通,1,臨港区域へのアクセス道路の現状について,遅々として進んでない,1,https://www.town.hokkaido-mori.lg.jp/material/files/group/17/2306gikaidayori.pdf,https://www.town.hokkaido-mori.lg.jp/soshiki/gikai/proceedings/index.html,https://www.town.hokkaido-mori.lg.jp/gyoseijoho/gikai/1039.html
114,2023-06-01,2,河野 文彦,6,3,産業・観光・文化財,1,エネルギー価格高騰の影響について,経済を動かす補助を入れていく,1,https://www.town.hokkaido-mori.lg.jp/material/files/group/17/2306gikaidayori.pdf,https://www.town.hokkaido-mori.lg.jp/soshiki/gikai/proceedings/index.html,https://www.town.hokkaido-mori.lg.jp/gyoseijoho/gikai/1039.html
114,2023-06-01,2,河野 文彦,6,4,農林水産業,0,漁業振興の調査研究について,,0,https://www.town.hokkaido-mori.lg.jp/material/files/group/17/2306gikaidayori.pdf,https://www.town.hokkaido-mori.lg.jp/soshiki/gikai/proceedings/index.html,https://www.town.hokkaido-mori.lg.jp/gyoseijoho/gikai/1039.html
114,2023-06-01,7,斉藤 優香,7,1,環境,1,未来につなぐ持続可能なまちづくりについて,ゼロカーボンシティーを目指す,1,https://www.town.hokkaido-mori.lg.jp/material/files/group/17/2306gikaidayori.pdf,https://www.town.hokkaido-mori.lg.jp/soshiki/gikai/proceedings/index.html,https://www.town.hokkaido-mori.lg.jp/gyoseijoho/gikai/1039.html
114,2023-06-01,13,松田 兼宗,8,1,福祉・健康・医療,1,コロナワクチン予防接種健康被害とコロナ後遺症について,実態調査の予定はありません,1,https://www.town.hokkaido-mori.lg.jp/material/files/group/17/2306gikaidayori.pdf,https://www.town.hokkaido-mori.lg.jp/soshiki/gikai/proceedings/index.html,https://www.town.hokkaido-mori.lg.jp/gyoseijoho/gikai/1039.html
114,2023-06-01,13,松田 兼宗,8,2,防災・安全,1,森町の防災・減災対策について,迅速に避難体制が取れるよう努める,1,https://www.town.hokkaido-mori.lg.jp/material/files/group/17/2306gikaidayori.pdf,https://www.town.hokkaido-mori.lg.jp/soshiki/gikai/proceedings/index.html,https://www.town.hokkaido-mori.lg.jp/gyoseijoho/gikai/1039.html
115,2023-08-01,13,松田 兼宗,1,1,自治・住民参画,1,どうする、町内会活動,必要な支援を検討,1,https://www.town.hokkaido-mori.lg.jp/material/files/group/17/2308gikaidayori.pdf,https://www.town.hokkaido-mori.lg.jp/soshiki/gikai/proceedings/index.html,https://www.town.hokkaido-mori.lg.jp/gyoseijoho/gikai/1039.html
115,2023-08-01,13,松田 兼宗,1,2,行財政・行政運営,1,チャットGPTについて,利活用を検討,1,https://www.town.hokkaido-mori.lg.jp/material/files/group/17/2308gikaidayori.pdf,https://www.town.hokkaido-mori.lg.jp/soshiki/gikai/proceedings/index.html,https://www.town.hokkaido-mori.lg.jp/gyoseijoho/gikai/1039.html
115,2023-08-01,13,松田 兼宗,1,3,防災・安全,1,森町国民保護計画について,早急に改定作業を実施,1,https://www.town.hokkaido-mori.lg.jp/material/files/group/17/2308gikaidayori.pdf,https://www.town.hokkaido-mori.lg.jp/soshiki/gikai/proceedings/index.html,https://www.town.hokkaido-mori.lg.jp/gyoseijoho/gikai/1039.html
115,2023-08-01,5,山田 誠,2,1,交通・公共交通,1,公共交通空白地の解消対策について,住み続けられるまちづくりにつなげたい,1,https://www.town.hokkaido-mori.lg.jp/material/files/group/17/2308gikaidayori.pdf,https://www.town.hokkaido-mori.lg.jp/soshiki/gikai/proceedings/index.html,https://www.town.hokkaido-mori.lg.jp/gyoseijoho/gikai/1039.html
115,2023-08-01,8,千葉 圭一,3,1,福祉・健康・医療,1,障がい児及びその家族への支援について,協働してこの福祉の環境を作っていく,1,https://www.town.hokkaido-mori.lg.jp/material/files/group/17/2308gikaidayori.pdf,https://www.town.hokkaido-mori.lg.jp/soshiki/gikai/proceedings/index.html,https://www.town.hokkaido-mori.lg.jp/gyoseijoho/gikai/1039.html
115,2023-08-01,12,東 隆一,4,1,福祉・健康・医療,1,高齢者の福祉対策について,制度を継続しつつ、事業内容についても検討,1,https://www.town.hokkaido-mori.lg.jp/material/files/group/17/2308gikaidayori.pdf,https://www.town.hokkaido-mori.lg.jp/soshiki/gikai/proceedings/index.html,https://www.town.hokkaido-mori.lg.jp/gyoseijoho/gikai/1039.html
115,2023-08-01,7,斉藤 優香,5,1,まちづくり・公園・空き家,1,市町村都市計画マスタープランとまちづくりについて,改定を検討していかなくてはならない,1,https://www.town.hokkaido-mori.lg.jp/material/files/group/17/2308gikaidayori.pdf,https://www.town.hokkaido-mori.lg.jp/soshiki/gikai/proceedings/index.html,https://www.town.hokkaido-mori.lg.jp/gyoseijoho/gikai/1039.html
115,2023-08-01,7,斉藤 優香,5,2,子育て・教育,1,森町の教育と歴史・文化について,ご意見を頂戴しながら取り組む,1,https://www.town.hokkaido-mori.lg.jp/material/files/group/17/2308gikaidayori.pdf,https://www.town.hokkaido-mori.lg.jp/soshiki/gikai/proceedings/index.html,https://www.town.hokkaido-mori.lg.jp/gyoseijoho/gikai/1039.html
115,2023-08-01,2,河野 文彦,6,1,産業・観光・文化財,1,食King市の今後について,道の駅の集客力は大きい,1,https://www.town.hokkaido-mori.lg.jp/material/files/group/17/2308gikaidayori.pdf,https://www.town.hokkaido-mori.lg.jp/soshiki/gikai/proceedings/index.html,https://www.town.hokkaido-mori.lg.jp/gyoseijoho/gikai/1039.html
115,2023-08-01,6,野口 周治,7,1,交通・公共交通,1,函館本線（旅客）廃止問題への対応方針について,町の全体像の中で考えていく,1,https://www.town.hokkaido-mori.lg.jp/material/files/group/17/2308gikaidayori.pdf,https://www.town.hokkaido-mori.lg.jp/soshiki/gikai/proceedings/index.html,https://www.town.hokkaido-mori.lg.jp/gyoseijoho/gikai/1039.html
115,2023-08-01,6,野口 周治,7,2,福祉・健康・医療,1,新しい感染症への対応体制のあり方について,教訓を今後に生かしたい,1,https://www.town.hokkaido-mori.lg.jp/material/files/group/17/2308gikaidayori.pdf,https://www.town.hokkaido-mori.lg.jp/soshiki/gikai/proceedings/index.html,https://www.town.hokkaido-mori.lg.jp/gyoseijoho/gikai/1039.html
115,2023-08-01,6,野口 周治,7,3,福祉・健康・医療,1,公共施設のトイレのあり方について,細やかに対応していきたい,1,https://www.town.hokkaido-mori.lg.jp/material/files/group/17/2308gikaidayori.pdf,https://www.town.hokkaido-mori.lg.jp/soshiki/gikai/proceedings/index.html,https://www.town.hokkaido-mori.lg.jp/gyoseijoho/gikai/1039.html
116,2023-11-01,3,髙橋 邦雄,1,1,防災・安全,1,災害時の避難道路、避難施設整備について,誰一人取り残さない実施計画を進めてまいります,1,https://www.town.hokkaido-mori.lg.jp/material/files/group/17/2311gikaidayori.pdf,https://www.town.hokkaido-mori.lg.jp/soshiki/gikai/proceedings/index.html,https://www.town.hokkaido-mori.lg.jp/gyoseijoho/gikai/1039.html
116,2023-11-01,5,山田 誠,2,1,行財政・行政運営,1,ふるさと納税のさらなる増額について,さらなる知名度向上を図っていく,1,https://www.town.hokkaido-mori.lg.jp/material/files/group/17/2311gikaidayori.pdf,https://www.town.hokkaido-mori.lg.jp/soshiki/gikai/proceedings/index.html,https://www.town.hokkaido-mori.lg.jp/gyoseijoho/gikai/1039.html
116,2023-11-01,4,河野 淳,3,1,農林水産業,1,農業就業者減少対策について,営農指導対策協議会を軸として体制強化をはかっていきたい,1,https://www.town.hokkaido-mori.lg.jp/material/files/group/17/2311gikaidayori.pdf,https://www.town.hokkaido-mori.lg.jp/soshiki/gikai/proceedings/index.html,https://www.town.hokkaido-mori.lg.jp/gyoseijoho/gikai/1039.html
116,2023-11-01,6,野口 周治,4,1,行財政・行政運営,1,今後の財政運営方針について,財政の柔軟性を高めていく,1,https://www.town.hokkaido-mori.lg.jp/material/files/group/17/2311gikaidayori.pdf,https://www.town.hokkaido-mori.lg.jp/soshiki/gikai/proceedings/index.html,https://www.town.hokkaido-mori.lg.jp/gyoseijoho/gikai/1039.html
116,2023-11-01,6,野口 周治,4,2,行財政・行政運営,1,"不納欠損責任問題の""その後""について",職員の個別責任は問わない,1,https://www.town.hokkaido-mori.lg.jp/material/files/group/17/2311gikaidayori.pdf,https://www.town.hokkaido-mori.lg.jp/soshiki/gikai/proceedings/index.html,https://www.town.hokkaido-mori.lg.jp/gyoseijoho/gikai/1039.html
116,2023-11-01,6,野口 周治,4,3,環境,1,有害獣対策の今後について,ヒグマ出動に報奨金を支給したい,1,https://www.town.hokkaido-mori.lg.jp/material/files/group/17/2311gikaidayori.pdf,https://www.town.hokkaido-mori.lg.jp/soshiki/gikai/proceedings/index.html,https://www.town.hokkaido-mori.lg.jp/gyoseijoho/gikai/1039.html
116,2023-11-01,6,野口 周治,4,4,環境,1,マイクロ水力発電実証事業の取扱いについて,来年度で終了する,1,https://www.town.hokkaido-mori.lg.jp/material/files/group/17/2311gikaidayori.pdf,https://www.town.hokkaido-mori.lg.jp/soshiki/gikai/proceedings/index.html,https://www.town.hokkaido-mori.lg.jp/gyoseijoho/gikai/1039.html
116,2023-11-01,7,斉藤 優香,5,1,子育て・教育,1,町民プールについて,機能改修等を行いながら施設の維持管理に努めます,1,https://www.town.hokkaido-mori.lg.jp/material/files/group/17/2311gikaidayori.pdf,https://www.town.hokkaido-mori.lg.jp/soshiki/gikai/proceedings/index.html,https://www.town.hokkaido-mori.lg.jp/gyoseijoho/gikai/1039.html
116,2023-11-01,11,山本 裕子,6,1,まちづくり・公園・空き家,1,アクティブスポーツ練習場の整備について,スポーツ振興に資するニーズへの検討,1,https://www.town.hokkaido-mori.lg.jp/material/files/group/17/2311gikaidayori.pdf,https://www.town.hokkaido-mori.lg.jp/soshiki/gikai/proceedings/index.html,https://www.town.hokkaido-mori.lg.jp/gyoseijoho/gikai/1039.html
116,2023-11-01,13,松田 兼宗,7,1,行財政・行政運営,1,SNS仕様変更に伴う森町の対応について,仕様変更に伴う影響はない,1,https://www.town.hokkaido-mori.lg.jp/material/files/group/17/2311gikaidayori.pdf,https://www.town.hokkaido-mori.lg.jp/soshiki/gikai/proceedings/index.html,https://www.town.hokkaido-mori.lg.jp/gyoseijoho/gikai/1039.html
116,2023-11-01,13,松田 兼宗,7,2,まちづくり・公園・空き家,1,民法233条変更に伴う森町の対応について,ホームページに掲載,1,https://www.town.hokkaido-mori.lg.jp/material/files/group/17/2311gikaidayori.pdf,https://www.town.hokkaido-mori.lg.jp/soshiki/gikai/proceedings/index.html,https://www.town.hokkaido-mori.lg.jp/gyoseijoho/gikai/1039.html
116,2023-11-01,2,河野 文彦,8,1,行財政・行政運営,1,ふるさと納税の今後について,町村会でもホットな話題,1,https://www.town.hokkaido-mori.lg.jp/material/files/group/17/2311gikaidayori.pdf,https://www.town.hokkaido-mori.lg.jp/soshiki/gikai/proceedings/index.html,https://www.town.hokkaido-mori.lg.jp/gyoseijoho/gikai/1039.html
117,2024-02-01,8,千葉 圭一,1,1,子育て・教育,1,高等支援学校について,開校に向けて挑戦します,1,https://www.town.hokkaido-mori.lg.jp/material/files/group/17/2402gikaidayori.pdf,https://www.town.hokkaido-mori.lg.jp/soshiki/gikai/proceedings/index.html,https://www.town.hokkaido-mori.lg.jp/gyoseijoho/gikai/1039.html
117,2024-02-01,8,千葉 圭一,1,2,防災・安全,1,通学路の安全確保について,更なる安全確保の制度を高めます,1,https://www.town.hokkaido-mori.lg.jp/material/files/group/17/2402gikaidayori.pdf,https://www.town.hokkaido-mori.lg.jp/soshiki/gikai/proceedings/index.html,https://www.town.hokkaido-mori.lg.jp/gyoseijoho/gikai/1039.html
117,2024-02-01,7,斉藤 優香,2,1,子育て・教育,1,学校に関わる譲渡会開催を,備品の運用は効果的に,1,https://www.town.hokkaido-mori.lg.jp/material/files/group/17/2402gikaidayori.pdf,https://www.town.hokkaido-mori.lg.jp/soshiki/gikai/proceedings/index.html,https://www.town.hokkaido-mori.lg.jp/gyoseijoho/gikai/1039.html
117,2024-02-01,7,斉藤 優香,2,2,まちづくり・公園・空き家,1,森町複合施設の建設に向けて,本構想策定業務を進めていく,1,https://www.town.hokkaido-mori.lg.jp/material/files/group/17/2402gikaidayori.pdf,https://www.town.hokkaido-mori.lg.jp/soshiki/gikai/proceedings/index.html,https://www.town.hokkaido-mori.lg.jp/gyoseijoho/gikai/1039.html
117,2024-02-01,6,野口 周治,3,1,農林水産業,1,中国の日本産水産品禁輸への対応について,思いは同じ 声を上げていく,1,https://www.town.hokkaido-mori.lg.jp/material/files/group/17/2402gikaidayori.pdf,https://www.town.hokkaido-mori.lg.jp/soshiki/gikai/proceedings/index.html,https://www.town.hokkaido-mori.lg.jp/gyoseijoho/gikai/1039.html
117,2024-02-01,6,野口 周治,3,2,行財政・行政運営,1,不納欠損問題の最終報告書の公表方法について,説明会は開かない,1,https://www.town.hokkaido-mori.lg.jp/material/files/group/17/2402gikaidayori.pdf,https://www.town.hokkaido-mori.lg.jp/soshiki/gikai/proceedings/index.html,https://www.town.hokkaido-mori.lg.jp/gyoseijoho/gikai/1039.html
117,2024-02-01,6,野口 周治,3,3,交通・公共交通,1,グリーンピア大沼の町民送迎バス休止について,経営判断は尊重したい,1,https://www.town.hokkaido-mori.lg.jp/material/files/group/17/2402gikaidayori.pdf,https://www.town.hokkaido-mori.lg.jp/soshiki/gikai/proceedings/index.html,https://www.town.hokkaido-mori.lg.jp/gyoseijoho/gikai/1039.html
117,2024-02-01,6,野口 周治,3,4,環境,1,飼い主不明猫への対策について,団体助成も含めて考えていく,1,https://www.town.hokkaido-mori.lg.jp/material/files/group/17/2402gikaidayori.pdf,https://www.town.hokkaido-mori.lg.jp/soshiki/gikai/proceedings/index.html,https://www.town.hokkaido-mori.lg.jp/gyoseijoho/gikai/1039.html
117,2024-02-01,13,松田 兼宗,4,1,防災・安全,1,防犯カメラの設置活用について,要望があれば整備を含め検討,1,https://www.town.hokkaido-mori.lg.jp/material/files/group/17/2402gikaidayori.pdf,https://www.town.hokkaido-mori.lg.jp/soshiki/gikai/proceedings/index.html,https://www.town.hokkaido-mori.lg.jp/gyoseijoho/gikai/1039.html
117,2024-02-01,13,松田 兼宗,4,2,環境,1,野良猫対策について,個人の責任で飼うのが前提,1,https://www.town.hokkaido-mori.lg.jp/material/files/group/17/2402gikaidayori.pdf,https://www.town.hokkaido-mori.lg.jp/soshiki/gikai/proceedings/index.html,https://www.town.hokkaido-mori.lg.jp/gyoseijoho/gikai/1039.html
117,2024-02-01,2,河野 文彦,5,1,産業・観光・文化財,1,外国人技能実習制度への取組みについて,研修生の皆さんに選ばれる森町に,1,https://www.town.hokkaido-mori.lg.jp/material/files/group/17/2402gikaidayori.pdf,https://www.town.hokkaido-mori.lg.jp/soshiki/gikai/proceedings/index.html,https://www.town.hokkaido-mori.lg.jp/gyoseijoho/gikai/1039.html
117,2024-02-01,2,河野 文彦,5,2,行財政・行政運営,1,上下水道料金の見直しについて,現状維持し快適なサービスの提供に努める,1,https://www.town.hokkaido-mori.lg.jp/material/files/group/17/2402gikaidayori.pdf,https://www.town.hokkaido-mori.lg.jp/soshiki/gikai/proceedings/index.html,https://www.town.hokkaido-mori.lg.jp/gyoseijoho/gikai/1039.html
118,2024-05-01,3,髙橋 邦雄,1,1,防災・安全,1,災害に対する情報・伝達について,迅速な防災対応に取組んでまいります,1,https://www.town.hokkaido-mori.lg.jp/material/files/group/17/2405gikaidayori.pdf,https://www.town.hokkaido-mori.lg.jp/soshiki/gikai/proceedings/index.html,https://www.town.hokkaido-mori.lg.jp/gyoseijoho/gikai/1039.html
118,2024-05-01,8,千葉 圭一,2,1,防災・安全,1,管路施設及び構造物・設備の耐用年数・耐震性の現状と今後について,森町浄水場の新築も視野に更新計画策定,1,https://www.town.hokkaido-mori.lg.jp/material/files/group/17/2405gikaidayori.pdf,https://www.town.hokkaido-mori.lg.jp/soshiki/gikai/proceedings/index.html,https://www.town.hokkaido-mori.lg.jp/gyoseijoho/gikai/1039.html
118,2024-05-01,5,山田 誠,3,1,防災・安全,1,防災対策について,防災意識等の向上を図っていく,1,https://www.town.hokkaido-mori.lg.jp/material/files/group/17/2405gikaidayori.pdf,https://www.town.hokkaido-mori.lg.jp/soshiki/gikai/proceedings/index.html,https://www.town.hokkaido-mori.lg.jp/gyoseijoho/gikai/1039.html
118,2024-05-01,6,野口 周治,4,1,防災・安全,1,災害時対応の備蓄品の整備について,改善する,1,https://www.town.hokkaido-mori.lg.jp/material/files/group/17/2405gikaidayori.pdf,https://www.town.hokkaido-mori.lg.jp/soshiki/gikai/proceedings/index.html,https://www.town.hokkaido-mori.lg.jp/gyoseijoho/gikai/1039.html
118,2024-05-01,6,野口 周治,4,2,防災・安全,1,防災無線放送の用語などについて,やってみる,1,https://www.town.hokkaido-mori.lg.jp/material/files/group/17/2405gikaidayori.pdf,https://www.town.hokkaido-mori.lg.jp/soshiki/gikai/proceedings/index.html,https://www.town.hokkaido-mori.lg.jp/gyoseijoho/gikai/1039.html
118,2024-05-01,11,山本 裕子,5,1,子育て・教育,1,スポーツ関連でのグリーンピア大沼の有効利用について,町有プールでの水泳授業が実施できるように維持管理,1,https://www.town.hokkaido-mori.lg.jp/material/files/group/17/2405gikaidayori.pdf,https://www.town.hokkaido-mori.lg.jp/soshiki/gikai/proceedings/index.html,https://www.town.hokkaido-mori.lg.jp/gyoseijoho/gikai/1039.html
118,2024-05-01,2,河野 文彦,6,1,子育て・教育,1,放課後児童健全育成事業の現状について,待機の状態は解消していく,1,https://www.town.hokkaido-mori.lg.jp/material/files/group/17/2405gikaidayori.pdf,https://www.town.hokkaido-mori.lg.jp/soshiki/gikai/proceedings/index.html,https://www.town.hokkaido-mori.lg.jp/gyoseijoho/gikai/1039.html
118,2024-05-01,2,河野 文彦,6,2,防災・安全,1,災害時に於ける人命救助について,解体予定建物などを活用した実践訓練も視野に,1,https://www.town.hokkaido-mori.lg.jp/material/files/group/17/2405gikaidayori.pdf,https://www.town.hokkaido-mori.lg.jp/soshiki/gikai/proceedings/index.html,https://www.town.hokkaido-mori.lg.jp/gyoseijoho/gikai/1039.html
118,2024-05-01,7,斉藤 優香,7,1,子育て・教育,1,子育てで選ばれる町になるために,家庭センターの設置取り組む,1,https://www.town.hokkaido-mori.lg.jp/material/files/group/17/2405gikaidayori.pdf,https://www.town.hokkaido-mori.lg.jp/soshiki/gikai/proceedings/index.html,https://www.town.hokkaido-mori.lg.jp/gyoseijoho/gikai/1039.html
118,2024-05-01,13,松田 兼宗,8,1,福祉・健康・医療,1,森町のケアラー支援について,各種支援の必要性について検討,1,https://www.town.hokkaido-mori.lg.jp/material/files/group/17/2405gikaidayori.pdf,https://www.town.hokkaido-mori.lg.jp/soshiki/gikai/proceedings/index.html,https://www.town.hokkaido-mori.lg.jp/gyoseijoho/gikai/1039.html
118,2024-05-01,13,松田 兼宗,8,2,産業・観光・文化財,0,鷲ノ木遺跡の観光資源化について,,0,https://www.town.hokkaido-mori.lg.jp/material/files/group/17/2405gikaidayori.pdf,https://www.town.hokkaido-mori.lg.jp/soshiki/gikai/proceedings/index.html,https://www.town.hokkaido-mori.lg.jp/gyoseijoho/gikai/1039.html
118,2024-05-01,13,松田 兼宗,8,3,行財政・行政運営,0,地方公務員不足問題について,,0,https://www.town.hokkaido-mori.lg.jp/material/files/group/17/2405gikaidayori.pdf,https://www.town.hokkaido-mori.lg.jp/soshiki/gikai/proceedings/index.html,https://www.town.hokkaido-mori.lg.jp/gyoseijoho/gikai/1039.html
118,2024-05-01,13,松田 兼宗,8,4,行財政・行政運営,1,町政執行方針について,挑戦者集う町づくり,1,https://www.town.hokkaido-mori.lg.jp/material/files/group/17/2405gikaidayori.pdf,https://www.town.hokkaido-mori.lg.jp/soshiki/gikai/proceedings/index.html,https://www.town.hokkaido-mori.lg.jp/gyoseijoho/gikai/1039.html
119,2024-08-01,4,河野 淳,1,1,環境,1,再生可能エネルギー導入推進と地球温暖化対策について,来年度を目途に区域施策編策定の準備を進めていきたい,1,https://www.town.hokkaido-mori.lg.jp/material/files/group/17/2408gikaidayori.pdf,https://www.town.hokkaido-mori.lg.jp/soshiki/gikai/proceedings/index.html,https://www.town.hokkaido-mori.lg.jp/gyoseijoho/gikai/1039.html
119,2024-08-01,6,野口 周治,2,1,まちづくり・公園・空き家,1,複合施設整備構想の進め方について,町民とのやりとりが町づくり,1,https://www.town.hokkaido-mori.lg.jp/material/files/group/17/2408gikaidayori.pdf,https://www.town.hokkaido-mori.lg.jp/soshiki/gikai/proceedings/index.html,https://www.town.hokkaido-mori.lg.jp/gyoseijoho/gikai/1039.html
119,2024-08-01,6,野口 周治,2,2,自治・住民参画,1,パートナーシップ制度などの導入について,慎重に検討したい,1,https://www.town.hokkaido-mori.lg.jp/material/files/group/17/2408gikaidayori.pdf,https://www.town.hokkaido-mori.lg.jp/soshiki/gikai/proceedings/index.html,https://www.town.hokkaido-mori.lg.jp/gyoseijoho/gikai/1039.html
119,2024-08-01,6,野口 周治,2,3,福祉・健康・医療,1,高齢者入浴料助成金額の見直しについて,増額を検討する,1,https://www.town.hokkaido-mori.lg.jp/material/files/group/17/2408gikaidayori.pdf,https://www.town.hokkaido-mori.lg.jp/soshiki/gikai/proceedings/index.html,https://www.town.hokkaido-mori.lg.jp/gyoseijoho/gikai/1039.html
119,2024-08-01,2,河野 文彦,3,1,環境,1,地球温暖化防止への取り組みについて,森町の福祉に繋がる投資を引き込む,1,https://www.town.hokkaido-mori.lg.jp/material/files/group/17/2408gikaidayori.pdf,https://www.town.hokkaido-mori.lg.jp/soshiki/gikai/proceedings/index.html,https://www.town.hokkaido-mori.lg.jp/gyoseijoho/gikai/1039.html
119,2024-08-01,2,河野 文彦,3,2,産業・観光・文化財,1,鳥崎八景の魅力増大について,景観の維持に努める,1,https://www.town.hokkaido-mori.lg.jp/material/files/group/17/2408gikaidayori.pdf,https://www.town.hokkaido-mori.lg.jp/soshiki/gikai/proceedings/index.html,https://www.town.hokkaido-mori.lg.jp/gyoseijoho/gikai/1039.html
119,2024-08-01,7,斉藤 優香,4,1,まちづくり・公園・空き家,1,複合施設整備に向けて,柔軟にいろいろな事を進めていきたい,1,https://www.town.hokkaido-mori.lg.jp/material/files/group/17/2408gikaidayori.pdf,https://www.town.hokkaido-mori.lg.jp/soshiki/gikai/proceedings/index.html,https://www.town.hokkaido-mori.lg.jp/gyoseijoho/gikai/1039.html
119,2024-08-01,7,斉藤 優香,4,2,交通・公共交通,1,快適で誇れる駐車場整備,検討して進めていきたい,1,https://www.town.hokkaido-mori.lg.jp/material/files/group/17/2408gikaidayori.pdf,https://www.town.hokkaido-mori.lg.jp/soshiki/gikai/proceedings/index.html,https://www.town.hokkaido-mori.lg.jp/gyoseijoho/gikai/1039.html
119,2024-08-01,13,松田 兼宗,5,1,防災・安全,1,地域防災力における消防団の役割について,連携体制を構築していく,1,https://www.town.hokkaido-mori.lg.jp/material/files/group/17/2408gikaidayori.pdf,https://www.town.hokkaido-mori.lg.jp/soshiki/gikai/proceedings/index.html,https://www.town.hokkaido-mori.lg.jp/gyoseijoho/gikai/1039.html
119,2024-08-01,13,松田 兼宗,5,2,行財政・行政運営,1,森町特別職職員報酬等審議会について,会議録の公開は慎重に検討,1,https://www.town.hokkaido-mori.lg.jp/material/files/group/17/2408gikaidayori.pdf,https://www.town.hokkaido-mori.lg.jp/soshiki/gikai/proceedings/index.html,https://www.town.hokkaido-mori.lg.jp/gyoseijoho/gikai/1039.html
119,2024-08-01,12,東 隆一,6,1,人口・移住定住,1,人口減少の取り組みについて,関係人口を増やしたい,1,https://www.town.hokkaido-mori.lg.jp/material/files/group/17/2408gikaidayori.pdf,https://www.town.hokkaido-mori.lg.jp/soshiki/gikai/proceedings/index.html,https://www.town.hokkaido-mori.lg.jp/gyoseijoho/gikai/1039.html
120,2024-11-01,11,山本 裕子,1,1,防災・安全,1,尾白内保育所　津波発生時の避難について,関係箇所と検討、情報共有し魅力ある施設運営に努めてまいります,1,https://www.town.hokkaido-mori.lg.jp/material/files/group/17/2411gikaidayori.pdf,https://www.town.hokkaido-mori.lg.jp/soshiki/gikai/proceedings/index.html,https://www.town.hokkaido-mori.lg.jp/gyoseijoho/gikai/1039.html
120,2024-11-01,8,千葉 圭一,2,1,子育て・教育,1,不登校児童・生徒への支援体制について,その子の学びの場が損なわれない事が一番,1,https://www.town.hokkaido-mori.lg.jp/material/files/group/17/2411gikaidayori.pdf,https://www.town.hokkaido-mori.lg.jp/soshiki/gikai/proceedings/index.html,https://www.town.hokkaido-mori.lg.jp/gyoseijoho/gikai/1039.html
120,2024-11-01,5,山田 誠,3,1,福祉・健康・医療,1,健康なまちづくりの推進について,各種健診等の無償は前向きに検討する,1,https://www.town.hokkaido-mori.lg.jp/material/files/group/17/2411gikaidayori.pdf,https://www.town.hokkaido-mori.lg.jp/soshiki/gikai/proceedings/index.html,https://www.town.hokkaido-mori.lg.jp/gyoseijoho/gikai/1039.html
120,2024-11-01,3,髙橋 邦雄,4,1,子育て・教育,1,子育て支援の充実について,官民連携で進めていかなくてはと考えています,1,https://www.town.hokkaido-mori.lg.jp/material/files/group/17/2411gikaidayori.pdf,https://www.town.hokkaido-mori.lg.jp/soshiki/gikai/proceedings/index.html,https://www.town.hokkaido-mori.lg.jp/gyoseijoho/gikai/1039.html
120,2024-11-01,6,野口 周治,5,1,交通・公共交通,1,函館本線（旅客）廃止問題への対応方針について,町として発信していく,1,https://www.town.hokkaido-mori.lg.jp/material/files/group/17/2411gikaidayori.pdf,https://www.town.hokkaido-mori.lg.jp/soshiki/gikai/proceedings/index.html,https://www.town.hokkaido-mori.lg.jp/gyoseijoho/gikai/1039.html
120,2024-11-01,6,野口 周治,5,2,産業・観光・文化財,1,最低賃金引上げの影響への対応について,特別、緊急的な処置は考えていない,1,https://www.town.hokkaido-mori.lg.jp/material/files/group/17/2411gikaidayori.pdf,https://www.town.hokkaido-mori.lg.jp/soshiki/gikai/proceedings/index.html,https://www.town.hokkaido-mori.lg.jp/gyoseijoho/gikai/1039.html
120,2024-11-01,6,野口 周治,5,3,交通・公共交通,1,森川沿い町有駐車場の利用状況の改善について,調査し対応していきたい,1,https://www.town.hokkaido-mori.lg.jp/material/files/group/17/2411gikaidayori.pdf,https://www.town.hokkaido-mori.lg.jp/soshiki/gikai/proceedings/index.html,https://www.town.hokkaido-mori.lg.jp/gyoseijoho/gikai/1039.html
120,2024-11-01,6,野口 周治,5,4,行財政・行政運営,1,町立病院など窓口での料金支払方法の拡大について,検討を進めていく,1,https://www.town.hokkaido-mori.lg.jp/material/files/group/17/2411gikaidayori.pdf,https://www.town.hokkaido-mori.lg.jp/soshiki/gikai/proceedings/index.html,https://www.town.hokkaido-mori.lg.jp/gyoseijoho/gikai/1039.html
120,2024-11-01,7,斉藤 優香,6,1,産業・観光・文化財,1,森町の産業の未来を考える,検証と改善に努める,1,https://www.town.hokkaido-mori.lg.jp/material/files/group/17/2411gikaidayori.pdf,https://www.town.hokkaido-mori.lg.jp/soshiki/gikai/proceedings/index.html,https://www.town.hokkaido-mori.lg.jp/gyoseijoho/gikai/1039.html
120,2024-11-01,13,松田 兼宗,7,1,行財政・行政運営,1,町政の総括と課題について,PDCAが基本,1,https://www.town.hokkaido-mori.lg.jp/material/files/group/17/2411gikaidayori.pdf,https://www.town.hokkaido-mori.lg.jp/soshiki/gikai/proceedings/index.html,https://www.town.hokkaido-mori.lg.jp/gyoseijoho/gikai/1039.html
120,2024-11-01,2,河野 文彦,8,1,農林水産業,1,ほたて養殖の現状について,現段階で支援は考えていない,1,https://www.town.hokkaido-mori.lg.jp/material/files/group/17/2411gikaidayori.pdf,https://www.town.hokkaido-mori.lg.jp/soshiki/gikai/proceedings/index.html,https://www.town.hokkaido-mori.lg.jp/gyoseijoho/gikai/1039.html
120,2024-11-01,2,河野 文彦,8,2,環境,1,散骨の取扱いについて,ルール作りへの調査はしていく,1,https://www.town.hokkaido-mori.lg.jp/material/files/group/17/2411gikaidayori.pdf,https://www.town.hokkaido-mori.lg.jp/soshiki/gikai/proceedings/index.html,https://www.town.hokkaido-mori.lg.jp/gyoseijoho/gikai/1039.html
121,2025-02-01,8,千葉 圭一,1,1,子育て・教育,1,児童・生徒の健康診断における脊柱側弯症の早期発見について,問診票は早期見直し、検査機器は今後も注視,1,https://www.town.hokkaido-mori.lg.jp/material/files/group/17/250-2.pdf,https://www.town.hokkaido-mori.lg.jp/soshiki/gikai/proceedings/index.html,https://www.town.hokkaido-mori.lg.jp/gyoseijoho/gikai/1039.html
121,2025-02-01,4,河野 淳,2,1,産業・観光・文化財,1,町史編さん事業について,合併20周年を機に町史編さん事業に取りかかる,1,https://www.town.hokkaido-mori.lg.jp/material/files/group/17/250-2.pdf,https://www.town.hokkaido-mori.lg.jp/soshiki/gikai/proceedings/index.html,https://www.town.hokkaido-mori.lg.jp/gyoseijoho/gikai/1039.html
121,2025-02-01,5,山田 誠,3,1,防災・安全,1,津波避難対策について,前向きに考えてみたい,1,https://www.town.hokkaido-mori.lg.jp/material/files/group/17/250-2.pdf,https://www.town.hokkaido-mori.lg.jp/soshiki/gikai/proceedings/index.html,https://www.town.hokkaido-mori.lg.jp/gyoseijoho/gikai/1039.html
121,2025-02-01,7,斉藤 優香,4,1,福祉・健康・医療,1,女性特有のがんにおける対策強化を,来年度実施に向けて検討していきたい,1,https://www.town.hokkaido-mori.lg.jp/material/files/group/17/250-2.pdf,https://www.town.hokkaido-mori.lg.jp/soshiki/gikai/proceedings/index.html,https://www.town.hokkaido-mori.lg.jp/gyoseijoho/gikai/1039.html
121,2025-02-01,6,野口 周治,5,1,防災・安全,1,防災対策（ハード）の推進について,来年度のエアコン設置など進める,1,https://www.town.hokkaido-mori.lg.jp/material/files/group/17/250-2.pdf,https://www.town.hokkaido-mori.lg.jp/soshiki/gikai/proceedings/index.html,https://www.town.hokkaido-mori.lg.jp/gyoseijoho/gikai/1039.html
121,2025-02-01,6,野口 周治,5,2,行財政・行政運営,1,複合施設建設の財政負担への対応について,合意と政策全般の見直しで,1,https://www.town.hokkaido-mori.lg.jp/material/files/group/17/250-2.pdf,https://www.town.hokkaido-mori.lg.jp/soshiki/gikai/proceedings/index.html,https://www.town.hokkaido-mori.lg.jp/gyoseijoho/gikai/1039.html
121,2025-02-01,6,野口 周治,5,3,子育て・教育,1,中学生保護者への投資セミナー案内配布について,慎重に対応する,1,https://www.town.hokkaido-mori.lg.jp/material/files/group/17/250-2.pdf,https://www.town.hokkaido-mori.lg.jp/soshiki/gikai/proceedings/index.html,https://www.town.hokkaido-mori.lg.jp/gyoseijoho/gikai/1039.html
121,2025-02-01,6,野口 周治,5,4,自治・住民参画,1,公職選挙の投票への支援について,選挙環境の改善を進める,1,https://www.town.hokkaido-mori.lg.jp/material/files/group/17/250-2.pdf,https://www.town.hokkaido-mori.lg.jp/soshiki/gikai/proceedings/index.html,https://www.town.hokkaido-mori.lg.jp/gyoseijoho/gikai/1039.html
121,2025-02-01,13,松田 兼宗,6,1,福祉・健康・医療,1,森町国民健康保険病院経営強化プランについて,運営委員会を令和7年度中に設置開催する,1,https://www.town.hokkaido-mori.lg.jp/material/files/group/17/250-2.pdf,https://www.town.hokkaido-mori.lg.jp/soshiki/gikai/proceedings/index.html,https://www.town.hokkaido-mori.lg.jp/gyoseijoho/gikai/1039.html
121,2025-02-01,13,松田 兼宗,6,2,まちづくり・公園・空き家,1,森町複合施設建設候補地について,基本計画策定時に決定,1,https://www.town.hokkaido-mori.lg.jp/material/files/group/17/250-2.pdf,https://www.town.hokkaido-mori.lg.jp/soshiki/gikai/proceedings/index.html,https://www.town.hokkaido-mori.lg.jp/gyoseijoho/gikai/1039.html
121,2025-02-01,2,河野 文彦,7,1,農林水産業,1,鮭の不漁について,持続可能なものにしていく,1,https://www.town.hokkaido-mori.lg.jp/material/files/group/17/250-2.pdf,https://www.town.hokkaido-mori.lg.jp/soshiki/gikai/proceedings/index.html,https://www.town.hokkaido-mori.lg.jp/gyoseijoho/gikai/1039.html
121,2025-02-01,2,河野 文彦,7,2,人口・移住定住,1,社会減をくい止める定住対策について,住宅取得促進を進めたい,1,https://www.town.hokkaido-mori.lg.jp/material/files/group/17/250-2.pdf,https://www.town.hokkaido-mori.lg.jp/soshiki/gikai/proceedings/index.html,https://www.town.hokkaido-mori.lg.jp/gyoseijoho/gikai/1039.html
122,2025-05-01,3,髙橋 邦雄,1,1,まちづくり・公園・空き家,1,公共施設等未利用地の活用について,地域の賑わいに資する活用を検討する,1,https://www.town.hokkaido-mori.lg.jp/material/files/group/17/122.pdf,https://www.town.hokkaido-mori.lg.jp/soshiki/gikai/proceedings/index.html,https://www.town.hokkaido-mori.lg.jp/gyoseijoho/gikai/1039.html
122,2025-05-01,5,山田 誠,2,1,子育て・教育,1,少子化の歯止め対策について,内容拡充に取り組む,1,https://www.town.hokkaido-mori.lg.jp/material/files/group/17/122.pdf,https://www.town.hokkaido-mori.lg.jp/soshiki/gikai/proceedings/index.html,https://www.town.hokkaido-mori.lg.jp/gyoseijoho/gikai/1039.html
122,2025-05-01,1,伊藤 昇,3,1,福祉・健康・医療,1,町政運営等について,国保病院の経営改善、医療サービスの向上を進めます,1,https://www.town.hokkaido-mori.lg.jp/material/files/group/17/122.pdf,https://www.town.hokkaido-mori.lg.jp/soshiki/gikai/proceedings/index.html,https://www.town.hokkaido-mori.lg.jp/gyoseijoho/gikai/1039.html
122,2025-05-01,8,千葉 圭一,4,1,子育て・教育,1,小中学校において地域課題への取り組みについて,引き続き機会を捉えて実施して頂けるよう学校長に話をして行きたい,1,https://www.town.hokkaido-mori.lg.jp/material/files/group/17/122.pdf,https://www.town.hokkaido-mori.lg.jp/soshiki/gikai/proceedings/index.html,https://www.town.hokkaido-mori.lg.jp/gyoseijoho/gikai/1039.html
122,2025-05-01,8,千葉 圭一,4,2,子育て・教育,1,森町の今後の教育について,義務教育学校化は地域の意見を聴きながら,1,https://www.town.hokkaido-mori.lg.jp/material/files/group/17/122.pdf,https://www.town.hokkaido-mori.lg.jp/soshiki/gikai/proceedings/index.html,https://www.town.hokkaido-mori.lg.jp/gyoseijoho/gikai/1039.html
122,2025-05-01,12,東 隆一,5,1,農林水産業,1,地域の人口減少と農業政策について,自律協生、エンパワーメント、町民主役日本一のまちづくりを念頭に置き農林行政を取り進めていく,1,https://www.town.hokkaido-mori.lg.jp/material/files/group/17/122.pdf,https://www.town.hokkaido-mori.lg.jp/soshiki/gikai/proceedings/index.html,https://www.town.hokkaido-mori.lg.jp/gyoseijoho/gikai/1039.html
122,2025-05-01,7,斉藤 優香,6,1,まちづくり・公園・空き家,1,市町村マスタープラン作成を,必要に応じて検討する,1,https://www.town.hokkaido-mori.lg.jp/material/files/group/17/122.pdf,https://www.town.hokkaido-mori.lg.jp/soshiki/gikai/proceedings/index.html,https://www.town.hokkaido-mori.lg.jp/gyoseijoho/gikai/1039.html
122,2025-05-01,7,斉藤 優香,6,2,人口・移住定住,1,奨学金支援の拡充を,奨学金返還支援制度の導入は考えていない,1,https://www.town.hokkaido-mori.lg.jp/material/files/group/17/122.pdf,https://www.town.hokkaido-mori.lg.jp/soshiki/gikai/proceedings/index.html,https://www.town.hokkaido-mori.lg.jp/gyoseijoho/gikai/1039.html
122,2025-05-01,6,野口 周治,7,1,まちづくり・公園・空き家,1,複合施設建設にかかわる検討事項について,資料を整える、基本計画までは進めたい,1,https://www.town.hokkaido-mori.lg.jp/material/files/group/17/122.pdf,https://www.town.hokkaido-mori.lg.jp/soshiki/gikai/proceedings/index.html,https://www.town.hokkaido-mori.lg.jp/gyoseijoho/gikai/1039.html
122,2025-05-01,6,野口 周治,7,2,行財政・行政運営,1,森消防のパワーハラスメント等について,問題であり、責任をもって改善する,1,https://www.town.hokkaido-mori.lg.jp/material/files/group/17/122.pdf,https://www.town.hokkaido-mori.lg.jp/soshiki/gikai/proceedings/index.html,https://www.town.hokkaido-mori.lg.jp/gyoseijoho/gikai/1039.html
122,2025-05-01,13,松田 兼宗,8,1,まちづくり・公園・空き家,1,森町複合施設建設について,財政負担を考慮した施設整備を,1,https://www.town.hokkaido-mori.lg.jp/material/files/group/17/122.pdf,https://www.town.hokkaido-mori.lg.jp/soshiki/gikai/proceedings/index.html,https://www.town.hokkaido-mori.lg.jp/gyoseijoho/gikai/1039.html
122,2025-05-01,2,河野 文彦,9,1,農林水産業,1,放置船舶対策について,事業者の意識の欠如が原因,1,https://www.town.hokkaido-mori.lg.jp/material/files/group/17/122.pdf,https://www.town.hokkaido-mori.lg.jp/soshiki/gikai/proceedings/index.html,https://www.town.hokkaido-mori.lg.jp/gyoseijoho/gikai/1039.html
123,2025-08-01,8,千葉 圭一,1,1,まちづくり・公園・空き家,1,青葉ヶ丘公園の再整備について,公園と道の駅を含めた公園整備等々を進める,1,https://www.town.hokkaido-mori.lg.jp/material/files/group/17/123.pdf,https://www.town.hokkaido-mori.lg.jp/soshiki/gikai/proceedings/index.html,https://www.town.hokkaido-mori.lg.jp/gyoseijoho/gikai/1039.html
123,2025-08-01,8,千葉 圭一,1,2,防災・安全,1,水道の構造物の今後について,費用が抑えられるなら補強も検討,1,https://www.town.hokkaido-mori.lg.jp/material/files/group/17/123.pdf,https://www.town.hokkaido-mori.lg.jp/soshiki/gikai/proceedings/index.html,https://www.town.hokkaido-mori.lg.jp/gyoseijoho/gikai/1039.html
123,2025-08-01,8,千葉 圭一,1,3,子育て・教育,1,森高等学校内に高等支援学校開設について,継続して今後も働きかけ続ける,1,https://www.town.hokkaido-mori.lg.jp/material/files/group/17/123.pdf,https://www.town.hokkaido-mori.lg.jp/soshiki/gikai/proceedings/index.html,https://www.town.hokkaido-mori.lg.jp/gyoseijoho/gikai/1039.html
123,2025-08-01,5,山田 誠,2,1,人口・移住定住,1,人口減少の歯止め対策について,前向きに考えたい,1,https://www.town.hokkaido-mori.lg.jp/material/files/group/17/123.pdf,https://www.town.hokkaido-mori.lg.jp/soshiki/gikai/proceedings/index.html,https://www.town.hokkaido-mori.lg.jp/gyoseijoho/gikai/1039.html
123,2025-08-01,7,斉藤 優香,3,1,産業・観光・文化財,1,早期にさくらの環境対策に着手を,後世につないでいく,1,https://www.town.hokkaido-mori.lg.jp/material/files/group/17/123.pdf,https://www.town.hokkaido-mori.lg.jp/soshiki/gikai/proceedings/index.html,https://www.town.hokkaido-mori.lg.jp/gyoseijoho/gikai/1039.html
123,2025-08-01,12,東 隆一,4,1,行財政・行政運営,1,森町水道事業の持続性と、給水管とメーター口径の不整合問題について,この運用で進める,1,https://www.town.hokkaido-mori.lg.jp/material/files/group/17/123.pdf,https://www.town.hokkaido-mori.lg.jp/soshiki/gikai/proceedings/index.html,https://www.town.hokkaido-mori.lg.jp/gyoseijoho/gikai/1039.html
123,2025-08-01,6,野口 周治,5,1,交通・公共交通,1,函館本線（旅客）廃止問題への対応状況について,今夏、ブロック会議がある,1,https://www.town.hokkaido-mori.lg.jp/material/files/group/17/123.pdf,https://www.town.hokkaido-mori.lg.jp/soshiki/gikai/proceedings/index.html,https://www.town.hokkaido-mori.lg.jp/gyoseijoho/gikai/1039.html
123,2025-08-01,6,野口 周治,5,2,農林水産業,1,水産・加工業の不調への支援について,取り組んでいく,1,https://www.town.hokkaido-mori.lg.jp/material/files/group/17/123.pdf,https://www.town.hokkaido-mori.lg.jp/soshiki/gikai/proceedings/index.html,https://www.town.hokkaido-mori.lg.jp/gyoseijoho/gikai/1039.html
123,2025-08-01,6,野口 周治,5,3,まちづくり・公園・空き家,1,複合施設建設の検討資料の作成状況について,財政試算とともに準備中,1,https://www.town.hokkaido-mori.lg.jp/material/files/group/17/123.pdf,https://www.town.hokkaido-mori.lg.jp/soshiki/gikai/proceedings/index.html,https://www.town.hokkaido-mori.lg.jp/gyoseijoho/gikai/1039.html
123,2025-08-01,6,野口 周治,5,4,自治・住民参画,1,公職選挙の投票支援の実現について,今回の参院選から改善していく,1,https://www.town.hokkaido-mori.lg.jp/material/files/group/17/123.pdf,https://www.town.hokkaido-mori.lg.jp/soshiki/gikai/proceedings/index.html,https://www.town.hokkaido-mori.lg.jp/gyoseijoho/gikai/1039.html
123,2025-08-01,2,河野 文彦,6,1,行財政・行政運営,1,相次ぐ不祥事を取り上げた雑誌記事について,就任時の宣誓を胸に一層努力する,1,https://www.town.hokkaido-mori.lg.jp/material/files/group/17/123.pdf,https://www.town.hokkaido-mori.lg.jp/soshiki/gikai/proceedings/index.html,https://www.town.hokkaido-mori.lg.jp/gyoseijoho/gikai/1039.html
123,2025-08-01,13,松田 兼宗,7,1,行財政・行政運営,1,自治体業務へのAI技術の活用について,本格的な導入に取組む,1,https://www.town.hokkaido-mori.lg.jp/material/files/group/17/123.pdf,https://www.town.hokkaido-mori.lg.jp/soshiki/gikai/proceedings/index.html,https://www.town.hokkaido-mori.lg.jp/gyoseijoho/gikai/1039.html
123,2025-08-01,13,松田 兼宗,7,2,福祉・健康・医療,1,さわら福祉会への財政支援について,町直営か地方独立行政法人が選択肢,1,https://www.town.hokkaido-mori.lg.jp/material/files/group/17/123.pdf,https://www.town.hokkaido-mori.lg.jp/soshiki/gikai/proceedings/index.html,https://www.town.hokkaido-mori.lg.jp/gyoseijoho/gikai/1039.html
124,2025-11-01,3,髙橋 邦雄,1,1,防災・安全,1,町内の除雪対策について,幅広く検討していきたい,1,https://www.town.hokkaido-mori.lg.jp/material/files/group/17/124-1.pdf,https://www.town.hokkaido-mori.lg.jp/soshiki/gikai/proceedings/index.html,https://www.town.hokkaido-mori.lg.jp/gyoseijoho/gikai/1039.html
124,2025-11-01,8,千葉 圭一,2,1,行財政・行政運営,1,職場内でのハラスメント対策について,今年度中に周知徹底します,1,https://www.town.hokkaido-mori.lg.jp/material/files/group/17/124-1.pdf,https://www.town.hokkaido-mori.lg.jp/soshiki/gikai/proceedings/index.html,https://www.town.hokkaido-mori.lg.jp/gyoseijoho/gikai/1039.html
124,2025-11-01,7,斉藤 優香,3,1,防災・安全,1,自然災害等に対する町の取り組みについて,今後の防災対策の向上に努めます,1,https://www.town.hokkaido-mori.lg.jp/material/files/group/17/124-1.pdf,https://www.town.hokkaido-mori.lg.jp/soshiki/gikai/proceedings/index.html,https://www.town.hokkaido-mori.lg.jp/gyoseijoho/gikai/1039.html
124,2025-11-01,5,山田 誠,4,1,防災・安全,1,津波発生時の避難対応について,各種防災対策の向上を図る,1,https://www.town.hokkaido-mori.lg.jp/material/files/group/17/124-1.pdf,https://www.town.hokkaido-mori.lg.jp/soshiki/gikai/proceedings/index.html,https://www.town.hokkaido-mori.lg.jp/gyoseijoho/gikai/1039.html
124,2025-11-01,6,野口 周治,5,1,防災・安全,1,（津波）避難指示での住民対応について,津波避難対応は抜本的に改善する,1,https://www.town.hokkaido-mori.lg.jp/material/files/group/17/124-1.pdf,https://www.town.hokkaido-mori.lg.jp/soshiki/gikai/proceedings/index.html,https://www.town.hokkaido-mori.lg.jp/gyoseijoho/gikai/1039.html
124,2025-11-01,6,野口 周治,5,2,自治・住民参画,1,森町で生活している外国人について,そのような事実はない。差別と分断を生まない町づくりを進める,1,https://www.town.hokkaido-mori.lg.jp/material/files/group/17/124-1.pdf,https://www.town.hokkaido-mori.lg.jp/soshiki/gikai/proceedings/index.html,https://www.town.hokkaido-mori.lg.jp/gyoseijoho/gikai/1039.html
124,2025-11-01,6,野口 周治,5,3,環境,1,ノラ猫などへの対応強化について,前向きに検討する,1,https://www.town.hokkaido-mori.lg.jp/material/files/group/17/124-1.pdf,https://www.town.hokkaido-mori.lg.jp/soshiki/gikai/proceedings/index.html,https://www.town.hokkaido-mori.lg.jp/gyoseijoho/gikai/1039.html
124,2025-11-01,6,野口 周治,5,4,まちづくり・公園・空き家,1,複合施設の基本計画検討の、追加資料の開示時期について,9月中に示したい,1,https://www.town.hokkaido-mori.lg.jp/material/files/group/17/124-1.pdf,https://www.town.hokkaido-mori.lg.jp/soshiki/gikai/proceedings/index.html,https://www.town.hokkaido-mori.lg.jp/gyoseijoho/gikai/1039.html
124,2025-11-01,2,河野 文彦,6,1,防災・安全,1,夏の暑さ対策について,財政基盤の脆弱な森町では困難,1,https://www.town.hokkaido-mori.lg.jp/material/files/group/17/124-1.pdf,https://www.town.hokkaido-mori.lg.jp/soshiki/gikai/proceedings/index.html,https://www.town.hokkaido-mori.lg.jp/gyoseijoho/gikai/1039.html
124,2025-11-01,13,松田 兼宗,7,1,防災・安全,1,津波警報と避難指示の実効性について,課題を見直し、防災力の強化に努める,1,https://www.town.hokkaido-mori.lg.jp/material/files/group/17/124-1.pdf,https://www.town.hokkaido-mori.lg.jp/soshiki/gikai/proceedings/index.html,https://www.town.hokkaido-mori.lg.jp/gyoseijoho/gikai/1039.html
124,2025-11-01,13,松田 兼宗,7,2,福祉・健康・医療,1,さわら福祉会との統合について,町直営を継続し、最適な運営形態を慎重に検討,1,https://www.town.hokkaido-mori.lg.jp/material/files/group/17/124-1.pdf,https://www.town.hokkaido-mori.lg.jp/soshiki/gikai/proceedings/index.html,https://www.town.hokkaido-mori.lg.jp/gyoseijoho/gikai/1039.html
125,2026-02-01,8,千葉 圭一,1,1,自治・住民参画,1,永住外国人への住民投票権について,案件毎に内容等と整理して総合的に判断,1,https://www.town.hokkaido-mori.lg.jp/material/files/group/17/125.pdf,https://www.town.hokkaido-mori.lg.jp/soshiki/gikai/proceedings/index.html,https://www.town.hokkaido-mori.lg.jp/gyoseijoho/gikai/1039.html
125,2026-02-01,8,千葉 圭一,1,2,子育て・教育,1,森町小・中学校における全国学力の低下について,今年家庭、学校、地域が連携、粘り強く改善を図る,1,https://www.town.hokkaido-mori.lg.jp/material/files/group/17/125.pdf,https://www.town.hokkaido-mori.lg.jp/soshiki/gikai/proceedings/index.html,https://www.town.hokkaido-mori.lg.jp/gyoseijoho/gikai/1039.html
125,2026-02-01,8,千葉 圭一,1,3,行財政・行政運営,1,森町の公印の取り扱いについて,押印管理の徹底に努める,1,https://www.town.hokkaido-mori.lg.jp/material/files/group/17/125.pdf,https://www.town.hokkaido-mori.lg.jp/soshiki/gikai/proceedings/index.html,https://www.town.hokkaido-mori.lg.jp/gyoseijoho/gikai/1039.html
125,2026-02-01,6,野口 周治,2,1,まちづくり・公園・空き家,1,公民館、役場庁舎（旧）の建替えについて,森町公民館は危険 建て替えは必要 住民とのコミュニケーションは改善したい,1,https://www.town.hokkaido-mori.lg.jp/material/files/group/17/125.pdf,https://www.town.hokkaido-mori.lg.jp/soshiki/gikai/proceedings/index.html,https://www.town.hokkaido-mori.lg.jp/gyoseijoho/gikai/1039.html
125,2026-02-01,6,野口 周治,2,2,行財政・行政運営,1,森町の財政状況の見通しについて,行財政を見直しながら必要な投資はする 町自身でプランを作る,1,https://www.town.hokkaido-mori.lg.jp/material/files/group/17/125.pdf,https://www.town.hokkaido-mori.lg.jp/soshiki/gikai/proceedings/index.html,https://www.town.hokkaido-mori.lg.jp/gyoseijoho/gikai/1039.html
125,2026-02-01,6,野口 周治,2,3,行財政・行政運営,1,職員の非違行為への対応について,処分し、公表はしている 改善を進めていきたい,1,https://www.town.hokkaido-mori.lg.jp/material/files/group/17/125.pdf,https://www.town.hokkaido-mori.lg.jp/soshiki/gikai/proceedings/index.html,https://www.town.hokkaido-mori.lg.jp/gyoseijoho/gikai/1039.html
125,2026-02-01,5,山田 誠,3,1,行財政・行政運営,1,健全財政の取組み対応について,しっかりと行財政対策を進める,1,https://www.town.hokkaido-mori.lg.jp/material/files/group/17/125.pdf,https://www.town.hokkaido-mori.lg.jp/soshiki/gikai/proceedings/index.html,https://www.town.hokkaido-mori.lg.jp/gyoseijoho/gikai/1039.html
125,2026-02-01,3,髙橋 邦雄,4,1,子育て・教育,1,森高等学校支援について,必要な支援を行ってまいります,1,https://www.town.hokkaido-mori.lg.jp/material/files/group/17/125.pdf,https://www.town.hokkaido-mori.lg.jp/soshiki/gikai/proceedings/index.html,https://www.town.hokkaido-mori.lg.jp/gyoseijoho/gikai/1039.html
125,2026-02-01,4,河野 淳,5,1,自治・住民参画,1,アフターコロナの町内会活動について,課題について各町内会と共有し模索していきたい,1,https://www.town.hokkaido-mori.lg.jp/material/files/group/17/125.pdf,https://www.town.hokkaido-mori.lg.jp/soshiki/gikai/proceedings/index.html,https://www.town.hokkaido-mori.lg.jp/gyoseijoho/gikai/1039.html
125,2026-02-01,2,河野 文彦,6,1,行財政・行政運営,1,森町職員の書類偽造事件等について,重大かつ許されざる行為,1,https://www.town.hokkaido-mori.lg.jp/material/files/group/17/125.pdf,https://www.town.hokkaido-mori.lg.jp/soshiki/gikai/proceedings/index.html,https://www.town.hokkaido-mori.lg.jp/gyoseijoho/gikai/1039.html
125,2026-02-01,7,斉藤 優香,7,1,行財政・行政運営,1,行財政改革をどのように行うのか,行財政改革を進め、財政基盤の強化を図る,1,https://www.town.hokkaido-mori.lg.jp/material/files/group/17/125.pdf,https://www.town.hokkaido-mori.lg.jp/soshiki/gikai/proceedings/index.html,https://www.town.hokkaido-mori.lg.jp/gyoseijoho/gikai/1039.html
125,2026-02-01,7,斉藤 優香,7,2,産業・観光・文化財,1,森町の特性に合った事業とは,私の掲げる稼げるまちづくりとは,1,https://www.town.hokkaido-mori.lg.jp/material/files/group/17/125.pdf,https://www.town.hokkaido-mori.lg.jp/soshiki/gikai/proceedings/index.html,https://www.town.hokkaido-mori.lg.jp/gyoseijoho/gikai/1039.html
125,2026-02-01,13,松田 兼宗,8,1,環境,1,森林整備計画と太陽光発電について,森林の公益的機能は極めて重要,1,https://www.town.hokkaido-mori.lg.jp/material/files/group/17/125.pdf,https://www.town.hokkaido-mori.lg.jp/soshiki/gikai/proceedings/index.html,https://www.town.hokkaido-mori.lg.jp/gyoseijoho/gikai/1039.html
125,2026-02-01,13,松田 兼宗,8,2,自治・住民参画,1,自治基本条例について,議会基本条例とも連携,1,https://www.town.hokkaido-mori.lg.jp/material/files/group/17/125.pdf,https://www.town.hokkaido-mori.lg.jp/soshiki/gikai/proceedings/index.html,https://www.town.hokkaido-mori.lg.jp/gyoseijoho/gikai/1039.html
125,2026-02-01,13,松田 兼宗,8,3,まちづくり・公園・空き家,1,複合施設建設事業の検討期間の延長について,当初計画通りの整備は困難,1,https://www.town.hokkaido-mori.lg.jp/material/files/group/17/125.pdf,https://www.town.hokkaido-mori.lg.jp/soshiki/gikai/proceedings/index.html,https://www.town.hokkaido-mori.lg.jp/gyoseijoho/gikai/1039.html
